Workbook

Sheet   单体1#
A1: 单体建筑面积统计表
A3: 栋号 | B3: 名 称 | C3: 建筑面积 （平方米） | D3: 备注
A4: ='1#'!B2 -> 1# | B4: =[1]统9!F4 -> 住宅 | C4: ='1#'!G20 -> 13378.67 | F4: =C25*0.03 -> 475.56 | G4: 507.16
B5: 餐饮便利店 | C5: ='1#'!I20 -> 119.3
B6: 社区文化活动中心 | C6: ='1#'!J20 -> 1001.15
B7: 社区医疗卫生中心 | C7: ='1#'!K20 -> 601.74
B8: 消防控制室 | C8: ='1#'!L20 -> 54.84
B9: 垃圾收集屋 | C9: ='1#'!M20 -> 0
B10: 养老服务用房 | C10: ='1#'!O20 -> 300.78
B11: 物业用房 | C11: ='1#'!P20 -> 91.87
B12: 配电房 | C12: ='1#'!Q20 -> 206.14
B13: 架空层 | C13: ='1#'!T20 -> 0
B14: 地下室出地面建筑 | C14: ='1#'!U20 -> 97.5
F24: =SUM(C4:C9) -> 15155.7 | G24: =C10+C11+C12+C13 -> 598.79 | H24: =C14 -> 97.5 | I24: =F24+G24+H24 -> 15851.99
A25: 合 计 | C25: =SUM(C4:C24) -> 15851.99
A26: 注：
A27: 1、本次建筑面积按建筑外墙边线外扩线由委托方提供
A28: ="2、本栋总建筑面积："&C25&"平方米，计容建筑面积："&F24&"平方米，建筑基底面积：1466.17平方米" -> 2、本栋总建筑面积：15851.99平方米，计容建筑面积：15155.7平方米，建筑基底面积：1466.17平方米
A29: 3、本栋建筑标准层高：3.15米
A30: 4、本栋建筑高度：85.75米（起算点：□ ±0 ■ 室外地面(散水) 最高点：□ 顶层层面 ■ 屋面女儿墙顶 □ 其他）
A31: 校核者：艾 虎 检查者：赵 科 日期：2026年01月08日

Sheet 1#
A1: 单栋面积统计表
A2: 栋号： | B2: 1#
A3: 楼层 | B3: 层数 | C3: 建筑 基底 面积 | D3: 总 计 | E3: 计容面积(平方米) | N3: 其他(住宅配套)免计容面积(平方米) | R3: 不计容面积（平方米） | V3: 备注
E4: 小计 | F4: 住宅 | H4: 餐饮便利店 | J4: 社区文化活动中心 | K4: 社区医疗卫生中心 | L4: 消防控制室 | M4: 垃圾收集屋 | N4: 小计 | O4: 养老服务用房 | P4: 物业用房 | Q4: 配电房 | R4: 小计 | S4: 架空层 | U4: 地下室出地面建筑
F5: 单层 | G5: 多层小计 | H5: 单层 | I5: 多层小计 | S5: 单层 | T5: 多层小计
A6: 1 | B6: 1 | C6: =D6 -> 1466.17 | D6: =E6+N6+R6 -> 1466.17 | E6: =G6+I6+J6+K6+L6+M6 -> 836.75 | F6: =4.73+124.14+5.3+5.65+5.61+124.14+3.18+5.42+4.1 -> 282.27 | G6: =F6*B6 -> 282.27 | H6: 119.3 | I6: =H6*B6 -> 119.3 | J6: =133.68+23.46+19.86 -> 177 | K6: =155.95+47.39 -> 203.34 | L6: 54.84 | N6: =O6+P6+Q6 -> 531.92 | O6: 300.78 | P6: =58.82+33.05 -> 91.87 | Q6: =16.64+122.63 -> 139.27 | R6: =SUM(T6:U6) -> 97.5 | T6: =S6*B6 -> 0 | U6: 97.5
A7: 2 | B7: 1 | D7: =E7+N7+R7 -> 894.18 | E7: =G7+I7+J7+K7+L7+M7 -> 894.18 | F7: =4.74+38.16+7.16+38.16+7.16 -> 95.38 | G7: =F7*B7 -> 95.38 | J7: =377.93+22.47 -> 400.4 | K7: 398.4 | N7: =O7+P7+Q7 -> 0 | T7: =S7*B7 -> 0
A8: 3 | B8: 1 | D8: =E8+N8+R8 -> 904.26 | E8: =G8+I8+J8+K8+L8+M8 -> 837.39 | F8: 413.64 | G8: =F8*B8 -> 413.64 | I8: =H8*B8 -> 0 | J8: 423.75 | N8: =O8+P8+Q8 -> 66.87 | Q8: 66.87 | T8: =S8*B8 -> 0
A9: 4-13 | B9: 10 | D9: =E9+N9+R9 -> 7358.7 | E9: =G9+I9+J9+K9+L9+M9 -> 7358.7 | F9: 735.87 | G9: =F9*B9 -> 7358.7 | I9: =H9*B9 -> 0 | N9: =O9+P9+Q9 -> 0 | T9: =S9*B9 -> 0
A10: 14 | B10: 1 | D10: =E10+N10+R10 -> 407.08 | E10: =G10+I10+J10+K10+L10+M10 -> 407.08 | F10: 407.08 | G10: =F10*B10 -> 407.08 | I10: =H10*B10 -> 0 | N10: =O10+P10+Q10 -> 0 | R10: =SUM(T10:U10) -> 0 | T10: =S10*B10 -> 0
A11: 15-27 | B11: 13 | D11: =E11+N11+R11 -> 4783.22 | E11: =G11+I11+J11+K11+L11+M11 -> 4783.22 | F11: 367.94 | G11: =F11*B11 -> 4783.22 | I11: =H11*B11 -> 0 | N11: =O11+P11+Q11 -> 0 | R11: =SUM(T11:U11) -> 0 | T11: =S11*B11 -> 0
A12: 28 | B12: 1 | D12: =E12+N12+R12 -> 38.38 | E12: =G12+I12+J12+K12+L12+M12 -> 38.38 | F12: =35.32+3.06 -> 38.38 | G12: =F12*B12 -> 38.38 | I12: =H12*B12 -> 0 | N12: =O12+P12+Q12 -> 0 | R12: =SUM(T12:U12) -> 0 | T12: =S12*B12 -> 0
D13: =E13+N13+R13 -> 0 | E13: =G13+I13+J13+K13+L13+M13 -> 0 | G13: =F13*B13 -> 0 | I13: =H13*B13 -> 0 | R13: =SUM(T13:U13) -> 0 | T13: =S13*B13 -> 0
D14: =E14+N14+R14 -> 0 | E14: =G14+I14+J14+K14+L14+M14 -> 0 | G14: =F14*B14 -> 0 | I14: =H14*B14 -> 0 | R14: =SUM(T14:U14) -> 0 | T14: =S14*B14 -> 0
D15: =E15+N15+R15 -> 0 | E15: =G15+I15+J15+K15+L15+M15 -> 0 | G15: =F15*B15 -> 0 | I15: =H15*B15 -> 0 | R15: =SUM(T15:U15) -> 0 | T15: =S15*B15 -> 0
D16: =E16+N16+R16 -> 0 | E16: =G16+I16+J16+K16+L16+M16 -> 0 | G16: =F16*B16 -> 0 | I16: =H16*B16 -> 0 | R16: =SUM(T16:U16) -> 0 | T16: =S16*B16 -> 0
D17: =E17+N17+R17 -> 0 | E17: =G17+I17+J17+K17+L17+M17 -> 0 | G17: =F17*B17 -> 0 | I17: =H17*B17 -> 0 | R17: =SUM(T17:U17) -> 0 | T17: =S17*B17 -> 0
D18: =E18+N18+R18 -> 0 | E18: =G18+I18+J18+K18+L18+M18 -> 0 | G18: =F18*B18 -> 0 | I18: =H18*B18 -> 0 | R18: =SUM(T18:U18) -> 0 | T18: =S18*B18 -> 0
D19: =E19+N19+R19 -> 0 | E19: =G19+I19+J19+K19+L19+M19 -> 0 | G19: =F19*B19 -> 0 | I19: =H19*B19 -> 0 | R19: =SUM(T19:U19) -> 0 | T19: =S19*B19 -> 0
A20: 合计 | C20: =SUM(C6:C19) -> 1466.17 | D20: =SUM(D6:D19) -> 15851.99 | E20: =SUM(E6:E19) -> 15155.7 | G20: =SUM(G6:G19) -> 13378.67 | I20: =SUM(I6:I19) -> 119.3 | J20: =SUM(J6:J19) -> 1001.15 | K20: =SUM(K6:K19) -> 601.74 | L20: =SUM(L6:L19) -> 54.84 | M20: =SUM(M6:M19) -> 0 | N20: =SUM(N6:N19) -> 598.79 | O20: =SUM(O6:O19) -> 300.78 | P20: =SUM(P6:P19) -> 91.87 | ... U20: =SUM(U6:U19) -> 97.5
A21: 校核者： 艾 虎 检查者：赵 科 | P21: 日期：2026年01月08日

Sheet   单体2#
A1: 单体建筑面积统计表
A3: 栋号 | B3: 名 称 | C3: 建筑面积 （平方米） | D3: 备注
A4: ='2#'!B2 -> 2# | B4: =[1]统9!F4 -> 住宅 | C4: ='2#'!G20 -> 11370.57 | F4: =C25*0.03 -> 411.61 | G4: 507.16
B5: 餐饮便利店 | C5: ='2#'!I20 -> 1683.15
B6: 社区文化活动中心 | C6: ='2#'!J20 -> 0
B7: 社区医疗卫生中心 | C7: ='2#'!K20 -> 0
B8: 消防控制室 | C8: ='2#'!L20 -> 0
B9: 垃圾收集屋 | C9: ='2#'!M20 -> 0
B10: 养老服务用房 | C10: ='2#'!O20 -> 0
B11: 物业用房 | C11: ='2#'!P20 -> 96.52
B12: 配电房 | C12: ='2#'!Q20 -> 0
B13: 架空层 | C13: ='2#'!T20 -> 467.97
B14: 地下室出地面建筑 | C14: ='2#'!U20 -> 102.15
F24: =SUM(C4:C9) -> 13053.72 | G24: =C10+C11+C12+C13 -> 564.49 | H24: =C14 -> 102.15 | I24: =F24+G24+H24 -> 13720.36
A25: 合 计 | C25: =SUM(C4:C24) -> 13720.36
A26: 注：
A27: 1、本次建筑面积按建筑外墙边线外扩线由委托方提供
A28: ="2、本栋总建筑面积："&C25&"平方米，计容建筑面积："&F24&"平方米，建筑基底面积：1075.18平方米" -> 2、本栋总建筑面积：13720.36平方米，计容建筑面积：13053.72平方米，建筑基底面积：1075.18平方米
A29: 3、本栋建筑标准层高：3.15米
A30: 4、本栋建筑高度：94.20米（起算点：□ ±0 ■ 室外地面(散水) 最高点：□ 顶层层面 ■ 屋面女儿墙顶 □ 其他）
A31: 校核者：艾 虎 检查者：赵 科 日期：2024年12月15日

Sheet 2#
A1: 单栋面积统计表
A2: 栋号： | B2: 2#
A3: 楼层 | B3: 层数 | C3: 建筑 基底 面积 | D3: 总 计 | E3: 计容面积(平方米) | N3: 其他(住宅配套)免计容面积(平方米) | R3: 不计容面积（平方米） | V3: 备注
E4: 小计 | F4: 住宅 | H4: 商业 | J4: 社区文化活动中心 | K4: 社区医疗卫生中心 | L4: 消防控制室 | M4: 垃圾收集屋 | N4: 小计 | O4: 养老服务用房 | P4: 物业用房 | Q4: 配电房 | R4: 小计 | S4: 架空层 | U4: 地下室出地面建筑
F5: 单层 | G5: 多层小计 | H5: 单层 | I5: 多层小计 | S5: 单层 | T5: 多层小计
A6: 1 | B6: 1 | C6: 1075.18 | D6: =E6+N6+R6 -> 1075.18 | E6: =G6+I6+J6+K6+L6+M6 -> 876.51 | F6: =4.9+9.24+142.45+9.55+4.28 -> 170.42 | G6: =F6*B6 -> 170.42 | H6: =587.45+40.5+78.14 -> 706.09 | I6: =H6*B6 -> 706.09 | N6: =O6+P6+Q6 -> 96.52 | P6: 96.52 | R6: =SUM(T6:U6) -> 102.15 | T6: =S6*B6 -> 0 | U6: 102.15
A7: 2 | B7: 1 | D7: =E7+N7+R7 -> 1016.35 | E7: =G7+I7+J7+K7+L7+M7 -> 1016.35 | F7: =6.26+34.51+9.55 -> 50.32 | G7: =F7*B7 -> 50.32 | H7: 966.03 | I7: =H7*B7 -> 966.03 | N7: =O7+P7+Q7 -> 0 | R7: =SUM(T7:U7) -> 0 | T7: =S7*B7 -> 0
A8: 3 | B8: 1 | D8: =E8+N8+R8 -> 551.09 | E8: =G8+I8+J8+K8+L8+M8 -> 83.12 | F8: =72.09 -> 72.09 | G8: =F8*B8 -> 72.09 | H8: =5.53+0.89+4.61 -> 11.03 | I8: =H8*B8 -> 11.03 | N8: =O8+P8+Q8 -> 0 | R8: =SUM(T8:U8) -> 467.97 | S8: 467.97 | T8: =S8*B8 -> 467.97
A9: 4-28 | B9: 25 | D9: =E9+N9+R9 -> 11002.75 | E9: =G9+I9+J9+K9+L9+M9 -> 11002.75 | F9: 440.11 | G9: =F9*B9 -> 11002.75 | I9: =H9*B9 -> 0 | N9: =O9+P9+Q9 -> 0 | T9: =S9*B9 -> 0
A10: 29 | B10: 1 | D10: =E10+N10+R10 -> 74.99 | E10: =G10+I10+J10+K10+L10+M10 -> 74.99 | F10: 74.99 | G10: =F10*B10 -> 74.99 | I10: =H10*B10 -> 0 | N10: =O10+P10+Q10 -> 0 | R10: =SUM(T10:U10) -> 0 | T10: =S10*B10 -> 0
D11: =E11+N11+R11 -> 0 | E11: =G11+I11+J11+K11+L11+M11 -> 0 | G11: =F11*B11 -> 0 | I11: =H11*B11 -> 0 | N11: =O11+P11+Q11 -> 0 | R11: =SUM(T11:U11) -> 0 | T11: =S11*B11 -> 0
D12: =E12+N12+R12 -> 0 | E12: =G12+I12+J12+K12+L12+M12 -> 0 | G12: =F12*B12 -> 0 | I12: =H12*B12 -> 0 | N12: =O12+P12+Q12 -> 0 | R12: =SUM(T12:U12) -> 0 | T12: =S12*B12 -> 0
D13: =E13+N13+R13 -> 0 | E13: =G13+I13+J13+K13+L13+M13 -> 0 | G13: =F13*B13 -> 0 | I13: =H13*B13 -> 0 | R13: =SUM(T13:U13) -> 0 | T13: =S13*B13 -> 0
D14: =E14+N14+R14 -> 0 | E14: =G14+I14+J14+K14+L14+M14 -> 0 | G14: =F14*B14 -> 0 | I14: =H14*B14 -> 0 | R14: =SUM(T14:U14) -> 0 | T14: =S14*B14 -> 0
D15: =E15+N15+R15 -> 0 | E15: =G15+I15+J15+K15+L15+M15 -> 0 | G15: =F15*B15 -> 0 | I15: =H15*B15 -> 0 | R15: =SUM(T15:U15) -> 0 | T15: =S15*B15 -> 0
D16: =E16+N16+R16 -> 0 | E16: =G16+I16+J16+K16+L16+M16 -> 0 | G16: =F16*B16 -> 0 | I16: =H16*B16 -> 0 | R16: =SUM(T16:U16) -> 0 | T16: =S16*B16 -> 0
D17: =E17+N17+R17 -> 0 | E17: =G17+I17+J17+K17+L17+M17 -> 0 | G17: =F17*B17 -> 0 | I17: =H17*B17 -> 0 | R17: =SUM(T17:U17) -> 0 | T17: =S17*B17 -> 0
D18: =E18+N18+R18 -> 0 | E18: =G18+I18+J18+K18+L18+M18 -> 0 | G18: =F18*B18 -> 0 | I18: =H18*B18 -> 0 | R18: =SUM(T18:U18) -> 0 | T18: =S18*B18 -> 0
D19: =E19+N19+R19 -> 0 | E19: =G19+I19+J19+K19+L19+M19 -> 0 | G19: =F19*B19 -> 0 | I19: =H19*B19 -> 0 | R19: =SUM(T19:U19) -> 0 | T19: =S19*B19 -> 0
A20: 合计 | C20: =SUM(C6:C19) -> 1075.18 | D20: =SUM(D6:D19) -> 13720.36 | E20: =SUM(E6:E19) -> 13053.72 | G20: =SUM(G6:G19) -> 11370.57 | I20: =SUM(I6:I19) -> 1683.15 | J20: =SUM(J6:J19) -> 0 | K20: =SUM(K6:K19) -> 0 | L20: =SUM(L6:L19) -> 0 | M20: =SUM(M6:M19) -> 0 | N20: =SUM(N6:N19) -> 96.52 | O20: =SUM(O6:O19) -> 0 | P20: =SUM(P6:P19) -> 96.52 | ... R20: =SUM(R6:R19) -> 570.12 | T20: =SUM(T6:T19) -> 467.97 | U20: =SUM(U6:U19) -> 102.15
A21: 校核者： 艾 虎 检查者：赵 科 | P21: 日期：2025年12月15日

Sheet 单体15-5配电房
A1: 单体建筑面积统计表
A3: 栋号 | B3: 名 称 | C3: 建筑面积 （平方米） | D3: 备注
A4: ='15-5配电房'!B2 -> 15-5# | B4: =[1]统9!F4 -> 住宅 | C4: ='15-5配电房'!G20 -> 0 | F4: =C25*0.03 -> 12.75 | G4: 507.16
B5: 餐饮便利店 | C5: ='15-5配电房'!I20 -> 0
B6: 社区文化活动中心 | C6: ='15-5配电房'!J20 -> 0
B7: 社区医疗卫生中心 | C7: ='15-5配电房'!K20 -> 0
B8: 消防控制室 | C8: ='15-5配电房'!L20 -> 0
B9: 垃圾收集屋 | C9: ='15-5配电房'!M20 -> 57.16
B10: 养老服务用房 | C10: ='15-5配电房'!O20 -> 0
B11: 物业用房 | C11: ='15-5配电房'!P20 -> 0
B12: 配电房 | C12: ='15-5配电房'!Q20 -> 367.98
B13: 架空层 | C13: ='15-5配电房'!T20 -> 0
B14: 地下室出地面建筑 | C14: ='15-5配电房'!U20 -> 0
F24: =SUM(C4:C9) -> 57.16 | H24: =F24-G24 -> 57.16
A25: 合 计 | C25: =SUM(C4:C24) -> 425.14
A26: 注：
A27: 1、本次建筑面积按建筑外墙边线外扩0.025米进行计算
A28: ="2、本栋总建筑面积："&C25&"平方米，计容建筑面积："&H24&"平方米，建筑基底面积：269.84平方米" -> 2、本栋总建筑面积：425.14平方米，计容建筑面积：57.16平方米，建筑基底面积：269.84平方米
A29: 3、本栋建筑标准层高：4.80米
A30: 4、本栋建筑高度：10.55米（起算点：□ ±0 ■ 室内地面 最高点：■ 顶层层面 □ 屋面女儿墙顶 □ 其他）
A31: 校核者：艾 虎 检查者：赵 科 日期：2024年12月15日

Sheet 15-5配电房
A1: 单栋面积统计表
A2: 栋号： | B2: 15-5#
A3: 楼层 | B3: 层数 | C3: 建筑 基底 面积 | D3: 总 计 | E3: 计容面积(平方米) | N3: 其他(住宅配套)免计容面积(平方米) | R3: 不计容面积（平方米） | V3: 备注
E4: 小计 | F4: 住宅 | H4: 餐饮便利店 | J4: 社区文化活动中心 | K4: 社区医疗卫生中心 | L4: 消防控制室 | M4: 垃圾收集屋 | N4: 小计 | O4: 养老服务用房 | P4: 物业用房 | Q4: 配电房 | R4: 小计 | S4: 架空层 | U4: 地下室出地面建筑
F5: 单层 | G5: 多层小计 | H5: 单层 | I5: 多层小计 | S5: 单层 | T5: 多层小计
A6: 1 | B6: 1 | C6: 269.84 | D6: =E6+N6+R6 -> 269.84 | E6: =G6+I6+J6+K6+L6+M6 -> 57.16 | G6: =F6*B6 -> 0 | I6: =H6*B6 -> 0 | M6: 57.16 | N6: =O6+P6+Q6 -> 212.68 | Q6: 212.68 | R6: =SUM(T6:U6) -> 0 | T6: =S6*B6 -> 0
A7: 2 | B7: 1 | D7: =E7+N7+R7 -> 155.3 | E7: =G7+I7+J7+K7+L7+M7 -> 0 | G7: =F7*B7 -> 0 | I7: =H7*B7 -> 0 | N7: =O7+P7+Q7 -> 155.3 | Q7: 155.3 | R7: =SUM(T7:U7) -> 0 | T7: =S7*B7 -> 0
D11: =E11+N11+R11 -> 0 | E11: =G11+I11+J11+K11+L11+M11 -> 0 | G11: =F11*B11 -> 0 | I11: =H11*B11 -> 0 | N11: =O11+P11+Q11 -> 0 | R11: =SUM(T11:U11) -> 0 | T11: =S11*B11 -> 0
D12: =E12+N12+R12 -> 0 | E12: =G12+I12+J12+K12+L12+M12 -> 0 | G12: =F12*B12 -> 0 | I12: =H12*B12 -> 0 | N12: =O12+P12+Q12 -> 0 | R12: =SUM(T12:U12) -> 0 | T12: =S12*B12 -> 0
D13: =E13+N13+R13 -> 0 | E13: =G13+I13+J13+K13+L13+M13 -> 0 | G13: =F13*B13 -> 0 | I13: =H13*B13 -> 0 | R13: =SUM(T13:U13) -> 0 | T13: =S13*B13 -> 0
D14: =E14+N14+R14 -> 0 | E14: =G14+I14+J14+K14+L14+M14 -> 0 | G14: =F14*B14 -> 0 | I14: =H14*B14 -> 0 | R14: =SUM(T14:U14) -> 0 | T14: =S14*B14 -> 0
D15: =E15+N15+R15 -> 0 | E15: =G15+I15+J15+K15+L15+M15 -> 0 | G15: =F15*B15 -> 0 | I15: =H15*B15 -> 0 | R15: =SUM(T15:U15) -> 0 | T15: =S15*B15 -> 0
D16: =E16+N16+R16 -> 0 | E16: =G16+I16+J16+K16+L16+M16 -> 0 | G16: =F16*B16 -> 0 | I16: =H16*B16 -> 0 | R16: =SUM(T16:U16) -> 0 | T16: =S16*B16 -> 0
D17: =E17+N17+R17 -> 0 | E17: =G17+I17+J17+K17+L17+M17 -> 0 | G17: =F17*B17 -> 0 | I17: =H17*B17 -> 0 | R17: =SUM(T17:U17) -> 0 | T17: =S17*B17 -> 0
D18: =E18+N18+R18 -> 0 | E18: =G18+I18+J18+K18+L18+M18 -> 0 | G18: =F18*B18 -> 0 | I18: =H18*B18 -> 0 | R18: =SUM(T18:U18) -> 0 | T18: =S18*B18 -> 0
D19: =E19+N19+R19 -> 0 | E19: =G19+I19+J19+K19+L19+M19 -> 0 | G19: =F19*B19 -> 0 | I19: =H19*B19 -> 0 | R19: =SUM(T19:U19) -> 0 | T19: =S19*B19 -> 0
A20: 合计 | C20: =SUM(C6:C19) -> 269.84 | D20: =SUM(D6:D19) -> 425.14 | E20: =SUM(E6:E19) -> 57.16 | G20: =SUM(G6:G19) -> 0 | I20: =SUM(I6:I19) -> 0 | J20: =SUM(J6:J19) -> 0 | K20: =SUM(K6:K19) -> 0 | L20: =SUM(L6:L19) -> 0 | M20: =SUM(M6:M19) -> 57.16 | N20: =SUM(N6:N19) -> 367.98 | O20: =SUM(O6:O19) -> 0 | P20: =SUM(P6:P19) -> 0 | ... R20: =SUM(R6:R19) -> 0 | T20: =SUM(T6:T19) -> 0 | U20: =SUM(U6:U19) -> 0
A21: 校核者： 艾 虎 检查者：赵 科 | P21: 日期：2025年12月15日

Sheet 单地
A1: 地下室及配套停车泊位统计表
A2: 层次 | B2: 建筑面积（平方米） | C2: 层高（米） | D2: 机动车停车位形式 | E2: 实际车位数量（泊） | F2: 换算系数 | G2: 换算值 （泊） | H2: 换算后停车泊位总数（泊） | I2: 备注
A3: 地下一层 | B3: =统地!C6 -> 6391.63 | C3: 3.75 | D3: =[1]统地!I4 -> 小型车位 | E3: =统地!I6 -> 69 | F3: 1 | G3: =E3*F3 -> 69 | H3: 146
D4: =[1]统地!K4 -> 小型充电桩车位 | E4: 69 | F4: 1 | G4: =E4*F4 -> 69
D5: 无障碍停车位 | E5: =统地!K6 -> 1 | F5: 1 | G5: =E5*F5 -> 1
D6: 无障碍充电桩停车位 | E6: 1 | F6: 1 | G6: =E6*F6 -> 1
D7: 非标准车位 | F7: 1
D8: 微型车位 | E8: 5 | F8: 0.7 | G8: 3
D9: 微型充电桩车位 | E9: 4 | F9: 0.7 | G9: 3
A10: 地下二层 | B10: =统地!C7 -> 6391.63 | C10: 3.75 | D10: =[1]统地!I4 -> 小型车位 | E10: =统地!I7 -> 140 | F10: 1 | G10: =E10*F10 -> 140 | H10: 149
D11: =[1]统地!K4 -> 小型充电桩车位 | F11: 1
D12: 无障碍停车位 | E12: 1 | F12: 1 | G12: =E12*F12 -> 1
D13: 无障碍充电桩停车位 | F13: 1
D14: 非标准车位 | F14: 1
D15: 微型车位 | E15: 11 | F15: 0.7 | G15: 8
D16: 微型充电桩车位 | F16: 0.7
A17: 合 计 | B17: =B10+B3 -> 12783.26 | H17: =H10+H3 -> 295
A18: 注：微型停车位，按比例折算后总数为1个，计入个数统计
A19: 1、地下室按围护结构外围计算建筑面积
A20: 2、本项目地下室车停出入口：2个，地下室建筑面积中含地下室出地面车行建筑面积。
A21: 校核者：艾 虎 检查者：赵科 日期：2025年12月15日

Sheet 统地
A1: 单栋面积统计表
A2: 栋号：地下室 | P2: 单位：米、平方米
A3: 楼层 | B3: 层数 | C3: 总 计 | D3: 计容面积 | F3: 不计容面积 | H3: 总 计 | I3: 地下停车位 | P3: 备注
D4: 垃圾房 | E4: 多层汇总 | F4: 停车库及设备用房 | G4: 地下室人行出入口 | I4: 小型车位 | J4: 小型充 电桩车位 | K4: 无障碍停车位 | L4: 无障碍充电桩停车位 | M4: 非标准车位 | N4: 微型车位 (按0.7系数计算) | O4: 微型充电桩车位 (按0.7系数计算)
A6: 1 | B6: 1 | C6: 6391.63 | F6: 6391.63 | H6: =SUM(I6:O6) -> 146 | I6: 69 | J6: 69 | K6: 1 | L6: 1 | N6: 3 | O6: 3
A7: 2 | B7: 1 | C7: 6391.63 | F7: 6391.63 | H7: =SUM(I7:O7) -> 149 | I7: 140 | K7: 1 | N7: 8
A22: 合计 | C22: =SUM(C6:C21) -> 12783.26 | F22: =SUM(F6:F21) -> 12783.26 | H22: =SUM(H6:H21) -> 295 | I22: =SUM(I6:I21) -> 209 | J22: =SUM(J6:J21) -> 69 | K22: =SUM(K6:K21) -> 2 | L22: =SUM(L6:L21) -> 1 | N22: =SUM(N6:N21) -> 11 | O22: =SUM(O6:O21) -> 3
A23: 校核者：艾虎 检查者：赵科 | N23: 日期：2025年12月15日

Sheet 对比表
A1: 建设项目建设方案主要技术经济指标对比表
A2: 建 设 单 位(个 人) | G2: 武汉纵盛置业开发有限责任公司
A3: 建 设 项 目 名 称 | G3: 新建居住、防护绿地项目（A1地块）
A4: 名 称 | G4: 条件值 （S1） | H4: 校核值 (S2) | I4: 备注
A5: 规划用地面积(m2) | G5: 9388.58 | H5: 9388.58
A6: 建筑总占地面积(m2) | H6: =综统!F20 -> 2811.19
A7: 总建筑面积(m2) | H7: =综统!G20 -> 42780.75
A8: 其中 | B8: 地上建筑面积(m2) | H8: =综统!H20 -> 29997.49
B9: 其中 | C9: 计容建筑面积(m2) | G9: ≤30600 | H9: =综统!I20 -> 28266.58
C10: 其中 | D10: 住宅建筑面积(m2) | H10: =综统!J20 -> 24749.24
D11: 餐饮便利店建筑面积(m2) | G11: ≥1800 | H11: =综统!K20 -> 1802.45
D12: 社区文化活动中心建筑面积(m2) | G12: ≥1000 | H12: =综统!L20 -> 1001.15
D13: 社区医疗卫生中心建筑面积(m2) | G13: ≥600 | H13: =综统!M20 -> 601.74
D14: 消防控制室建筑面积(m2) | H14: =综统!N20 -> 54.84
D15: 垃圾收集屋建筑面积(m2) | H15: =综统!O20 -> 57.16
D16: 建筑面积(m2)
C17: 免计容建筑面积(m2) | H17: =综统!P20 -> 1063.29
C18: 其中 | D18: 养老服务用房建筑面积(m2) | H18: =综统!Q20 -> 300.78
D19: 物业用房建筑面积(m2) | H19: =综统!R20 -> 188.39
D20: 配电房建筑面积(m2) | H20: =综统!S20 -> 574.12
D21: 建筑面积(m2)
C22: 不计容建筑面积(m2) | H22: =综统!T20 -> 667.62
C23: 其中 | D23: 架空层建筑面积(m2) | H23: =综统!U20 -> 467.97
D24: 地下室出地面建筑(m2) | H24: =综统!V20 -> 199.65
D25: 建筑面积(m2)
C26: 装配式外墙建筑面积(m2)
B27: 地下建筑面积(m2) | H27: =H28+H30 -> 12783.26
B28: 其中 | C28: 计容建筑面积(m2)
D29: 建筑面积(m2) | E29: 建筑面积(m2)
C30: 不计容建筑面积(m2) | H30: =综统!X20 -> 12783.26
C31: 其中 | D31: 车库及设备用房建筑面积(m2) | E31: 车库及设备用房建筑面积(m2) | H31: =综统!X20 -> 12783.26
D32: 建筑面积(m2) | E32: 建筑面积(m2)
A33: 容积率 | H33: =H9/H5 -> 3.01
A34: 建筑密度（%） | H34: =H6/H5*100 -> 29.94
A35: 停车位泊位 | D35: 地面（个） | F35: 地面停车位
D36: 地下（个） | F36: 地下停车位 | H36: 295
A39: 校核者：艾 虎 检查者：赵 科 日期：2025年12月15日

Sheet 综统
A1: 建设项目建设方案综合技术经济指标统计表 | X1: 单位：米、平方米
A2: 栋号 | B2: 层数 | D2: 建筑高度 | E2: 标准层层高 | F2: 建筑 基底 面积 | G2: 总 计(S1+S2) | H2: 地上建筑面积(S1) | W2: 地下建筑面积（S2） | Y2: 备 注
H3: 合 计(S3+S4+S5) | I3: 计容建筑面积（S3） | P3: 免计容建筑面积（S4） | T3: 不计容建筑面积（S5） | W3: 合 计 | X3: 不计容建筑面积
I4: 小 计 | J4: 住宅 | K4: 餐饮便利店 | L4: 社区文化活动中心 | M4: 社区医疗卫生中心 | N4: 消防控制室 | O4: 垃圾收集屋 | P4: 小 计 | Q4: 养老服务用房 | R4: 物业用房 | S4: 配电房 | T4: 小 计 | U4: 架空层 | V4: 地下室出地面建筑 | X4: 地下室
B5: 地上 | C5: 地下
A6: 1# | B6: 27 | D6: 85.75 | E6: 3.15 | F6: ='1#'!C6 -> 1466.17 | G6: =H6+W6 -> 15851.99 | H6: =I6+P6+T6 -> 15851.99 | I6: =SUM(J6:O6) -> 15155.7 | J6: =' 单体1#'!C4 -> 13378.67 | K6: =' 单体1#'!C5 -> 119.3 | L6: =' 单体1#'!C6 -> 1001.15 | M6: =' 单体1#'!C7 -> 601.74 | N6: =' 单体1#'!C8 -> 54.84 | O6: =' 单体1#'!C9 -> 0 | P6: =SUM(Q6:S6) -> 598.79 | Q6: =' 单体1#'!C10 -> 300.78 | R6: =' 单体1#'!C11 -> 91.87 | S6: =' 单体1#'!C12 -> 206.14 | T6: =SUM(U6:V6) -> 97.5 | U6: =' 单体1#'!C13 -> 0 | V6: =' 单体1#'!C14 -> 97.5 | W6: =SUM(X6:X6) -> 0
A7: 2# | B7: 28 | D7: 94.2 | E7: 3.15 | F7: ='2#'!C6 -> 1075.18 | G7: =H7+W7 -> 13720.36 | H7: =I7+P7+T7 -> 13720.36 | I7: =SUM(J7:O7) -> 13053.72 | J7: =' 单体2#'!C4 -> 11370.57 | K7: =' 单体2#'!C5 -> 1683.15 | L7: =' 单体2#'!C6 -> 0 | M7: =' 单体2#'!C7 -> 0 | N7: =' 单体2#'!C8 -> 0 | O7: =' 单体2#'!C9 -> 0 | P7: =SUM(Q7:S7) -> 96.52 | Q7: =' 单体2#'!C10 -> 0 | R7: =' 单体2#'!C11 -> 96.52 | S7: =' 单体2#'!C12 -> 0 | T7: =SUM(U7:V7) -> 570.12 | U7: =' 单体2#'!C13 -> 467.97 | V7: =' 单体2#'!C14 -> 102.15 | W7: =SUM(X7:X7) -> 0
A8: 15-5# | B8: 2 | D8: 10.55 | E8: 4.8 | F8: ='15-5配电房'!C6 -> 269.84 | G8: =H8+W8 -> 425.14 | H8: =I8+P8+T8 -> 425.14 | I8: =SUM(J8:O8) -> 57.16 | J8: ='单体15-5配电房'!C4 -> 0 | K8: ='单体15-5配电房'!C5 -> 0 | L8: ='单体15-5配电房'!C6 -> 0 | M8: ='单体15-5配电房'!C7 -> 0 | N8: ='单体15-5配电房'!C8 -> 0 | O8: ='单体15-5配电房'!C9 -> 57.16 | P8: =SUM(Q8:S8) -> 367.98 | Q8: ='单体15-5配电房'!C10 -> 0 | R8: ='单体15-5配电房'!C11 -> 0 | S8: ='单体15-5配电房'!C12 -> 367.98 | T8: =SUM(U8:V8) -> 0 | U8: ='单体15-5配电房'!C13 -> 0 | V8: ='单体15-5配电房'!C14 -> 0 | W8: =SUM(X8:X8) -> 0
A9: 地下室 | C9: 2 | D9: 7.5 | E9: 3.75 | G9: =H9+W9 -> 12783.26 | H9: =I9+P9+T9 -> 0 | W9: =SUM(X9:X9) -> 12783.26 | X9: 12783.26
P11: =SUM(Q11:S11) -> 0
A20: 合计 | F20: =SUM(F6:F19) -> 2811.19 | G20: =SUM(G6:G19) -> 42780.75 | H20: =SUM(H6:H19) -> 29997.49 | I20: =SUM(I6:I19) -> 28266.58 | J20: =SUM(J6:J19) -> 24749.24 | K20: =SUM(K6:K19) -> 1802.45 | L20: =SUM(L6:L19) -> 1001.15 | M20: =SUM(M6:M19) -> 601.74 | ... X20: =SUM(X6:X19) -> 12783.26
A21: 注： 1、规划净用地面积：9388.58平方米 2、容积率（地上计容建筑面积/规划净用地面积）：3.02 3、建筑密度（建筑基底面积/规划用地面积）：29.94%
A22: 校核者：艾 虎 检查者：赵 科 日期：2025年12月15日
